Complexity,Loss,Equation
1,1.0850339,"3.823273"
3,1.0795,"x0 ^ 0.30919096"
4,1.0793189,"log(x0) + -0.51298034"
5,1.0790609,"(-80.922424 / x0) + 4.8851943"
6,1.0782849,"(sin(x0) + x0) ^ 0.30927998"
7,1.0772303,"(x0 + tan(cube(x0))) ^ 0.3079059"
8,1.0760337,"(sin(x0) * 0.07887452) + (x0 ^ 0.30960676)"
9,1.0717332,"sqrt(sin(x0 / -0.1671687) + (x0 ^ 0.61839604))"
