Complexity,Loss,Equation
1,0.6180706,"4.267639"
3,0.61468035,"x0 ^ 0.33447048"
4,0.61343133,"log(x0) ^ 0.9890703"
5,0.6134241,"(x0 ^ 0.27900964) + 0.9133272"
6,0.6134239,"(sqrt(x0) * 0.2155543) + 2.3818264"
7,0.61041105,"log(x0 + tan(x0 / 0.5790073))"
8,0.609865,"log(x0 - tan(-0.9263904 / cos2(x0)))"
9,0.60618156,"log((tan(x0 / 0.57897437) + x0) * 0.93455034)"
