Complexity,Loss,Equation
1,1.2086595,"3.9251707"
3,1.2029577,"x0 ^ 0.31522328"
4,1.2028407,"log(x0) + -0.41146573"
5,1.2026997,"(x0 * 0.0138814375) - -2.8610919"
6,1.2015693,"(cos(x0) + x0) ^ 0.31517565"
7,1.1982206,"sqrt(cos(x0) + (x0 ^ 0.62957996))"
8,1.1975626,"sqrt(exp(cos(x0)) + (x0 ^ 0.61029136))"
9,1.1937118,"sqrt((x0 ^ 0.6295806) + cos(x0 * 5.3379984))"
10,1.1927786,"sqrt((x0 ^ 0.61008334) + exp(cos(x0 * 0.9180097)))"
